:ID,:LABEL,local_id,name,type,latex,informal,proof,symbols,meaning,domain,source,source_ref,wikidata_qid,confidence,explicit_or_inferred,created_at,version
MX:def:manifold,Formula;Definition,def:manifold,definition,definition,M,A smooth n-dimensional manifold M is a second-countable Hausdorff topological space equipped with a maximal smooth atlas of charts.,,M;n,,math.DG,mathxiv,arXiv:2103.12345,,1.0,explicit,2026-09-28T15:33:30+08:00,v0.1
MX:def:tangent_space,Formula;Definition,def:tangent_space,definition,definition,T_p M,The tangent space T_p M at a point p in M is the vector space of all tangent vectors (derivations) at p.,,T_p M;M;p,,math.DG,mathxiv,arXiv:2103.12345,,1.0,explicit,2026-09-28T15:33:30+08:00,v0.1
MX:def:riemannian_metric,Formula;Definition,def:riemannian_metric,definition,definition,g_{ij},A Riemannian metric g on M is a smooth assignment of a positive-definite inner product g_p on each tangent space T_p M.,,g;M;T_p M,,math.DG,mathxiv,arXiv:2103.12345,,1.0,explicit,2026-09-28T15:33:30+08:00,v0.1
MX:def:levi_civita,Formula;Definition,def:levi_civita,definition,definition,\nabla,"The Levi-Civita connection \nabla is the unique torsion-free, metric-compatible affine connection on the Riemannian manifold (M,g).",,\nabla;M;g,,math.DG,mathxiv,arXiv:2103.12345,,1.0,explicit,2026-09-28T15:33:30+08:00,v0.1
MX:lemma:partition_of_unity,Formula;Lemma,lemma:partition_of_unity,lemma,lemma,\{\rho_\alpha\},"Given any open cover of M, there exists a smooth partition of unity subordinate to it.",Construct local bump functions from the smooth atlas of M and normalize by the locally finite sum.,\rho_\alpha;M,,math.DG,mathxiv,arXiv:2103.12345,,1.0,explicit,2026-09-28T15:33:30+08:00,v0.1
MX:lemma:covariant_derivative,Formula;Lemma,lemma:covariant_derivative,lemma,lemma,\nabla_X Y,The covariant derivative \nabla_X Y is tensorial (linear over C^\infty(M)) in X and satisfies the Leibniz rule in Y.,Follows directly from the defining properties of the Levi-Civita connection.,\nabla;X;Y;M,,math.DG,mathxiv,arXiv:2103.12345,,1.0,explicit,2026-09-28T15:33:30+08:00,v0.1
MX:thm:riemann_curvature,Formula;Theorem,thm:riemann_curvature,theorem,theorem,"R(X,Y)Z = \nabla_X\nabla_Y Z - \nabla_Y\nabla_X Z - \nabla_{[X,Y]} Z","The Riemann curvature tensor R measures the failure of iterated second covariant derivatives to commute; it is a (1,3)-tensor.",Define R via the commutator of covariant derivatives and verify multilinearity and tensoriality in all four arguments.,R;\nabla;X;Y;Z,,math.DG,mathxiv,arXiv:2103.12345,,1.0,explicit,2026-09-28T15:33:30+08:00,v0.1
MX:thm:gauss_bonnet,Formula;Theorem,thm:gauss_bonnet,theorem,theorem,"\int_M K\, dA = 2\pi \chi(M)","For a closed orientable surface M, the integral of Gaussian curvature K over M equals 2\pi times its Euler characteristic \chi(M).","Triangulate M, apply the local angle-defect formula, and sum defects using a partition of unity subordinate to the triangulation.",K;M;\chi(M);\pi,,math.DG,mathxiv,arXiv:2103.12345,,1.0,explicit,2026-09-28T15:33:30+08:00,v0.1
MX:sym:m,Symbol,sym:m,M,,M,,,,Smooth n-dimensional manifold,math,mathxiv,arXiv:2103.12345,,1.0,explicit,2026-09-28T15:33:30+08:00,v0.1
MX:sym:t_p_m,Symbol,sym:t_p_m,T_p M,,T_p M,,,,Tangent space at point p in M,math,mathxiv,arXiv:2103.12345,,1.0,explicit,2026-09-28T15:33:30+08:00,v0.1
MX:sym:g,Symbol,sym:g,g,,g,,,,Riemannian metric tensor on M,math,mathxiv,arXiv:2103.12345,,1.0,explicit,2026-09-28T15:33:30+08:00,v0.1
MX:sym:nabla,Symbol,sym:nabla,\nabla,,\nabla,,,,Levi-Civita connection / covariant derivative,math,mathxiv,arXiv:2103.12345,,1.0,explicit,2026-09-28T15:33:30+08:00,v0.1
MX:sym:r,Symbol,sym:r,R,,R,,,,Riemann curvature tensor,math,mathxiv,arXiv:2103.12345,,1.0,explicit,2026-09-28T15:33:30+08:00,v0.1
MX:sym:k,Symbol,sym:k,K,,K,,,,Gaussian curvature of a surface,math,mathxiv,arXiv:2103.12345,,1.0,explicit,2026-09-28T15:33:30+08:00,v0.1
MX:sym:chi_m,Symbol,sym:chi_m,\chi(M),,\chi(M),,,,Euler characteristic of the manifold M,math,mathxiv,arXiv:2103.12345,,1.0,explicit,2026-09-28T15:33:30+08:00,v0.1
MX:sym:pi,Symbol,sym:pi,\pi,,\pi,,,,Archimedean constant pi (≈3.14159),math,mathxiv,arXiv:2103.12345,,1.0,explicit,2026-09-28T15:33:30+08:00,v0.1
MX:sym:n,Symbol,sym:n,n,,n,,,,,math,mathxiv,arXiv:2103.12345,,1.0,explicit,2026-09-28T15:33:30+08:00,v0.1
MX:sym:p,Symbol,sym:p,p,,p,,,,,math,mathxiv,arXiv:2103.12345,,1.0,explicit,2026-09-28T15:33:30+08:00,v0.1
MX:sym:rho_alpha,Symbol,sym:rho_alpha,\rho_\alpha,,\rho_\alpha,,,,,math,mathxiv,arXiv:2103.12345,,1.0,explicit,2026-09-28T15:33:30+08:00,v0.1
MX:sym:x,Symbol,sym:x,X,,X,,,,,math,mathxiv,arXiv:2103.12345,,1.0,explicit,2026-09-28T15:33:30+08:00,v0.1
MX:sym:y,Symbol,sym:y,Y,,Y,,,,,math,mathxiv,arXiv:2103.12345,,1.0,explicit,2026-09-28T15:33:30+08:00,v0.1
MX:sym:z,Symbol,sym:z,Z,,Z,,,,,math,mathxiv,arXiv:2103.12345,,1.0,explicit,2026-09-28T15:33:30+08:00,v0.1
