:START_ID,:END_ID,:TYPE,kind,confidence,explicit_or_inferred,source,evidence,created_at
MX:def:tangent_space,MX:def:manifold,derived_from,explicit_citation,0.99,explicit,mathxiv,paper:arXiv:2103.12345,2026-09-28T15:33:30+08:00
MX:def:riemannian_metric,MX:def:tangent_space,derived_from,explicit_citation,0.95,explicit,mathxiv,paper:arXiv:2103.12345,2026-09-28T15:33:30+08:00
MX:def:levi_civita,MX:def:riemannian_metric,derived_from,explicit_citation,0.96,explicit,mathxiv,paper:arXiv:2103.12345,2026-09-28T15:33:30+08:00
MX:def:levi_civita,MX:def:tangent_space,derived_from,explicit_citation,0.93,explicit,mathxiv,paper:arXiv:2103.12345,2026-09-28T15:33:30+08:00
MX:lemma:partition_of_unity,MX:def:manifold,derived_from,explicit_citation,0.98,explicit,mathxiv,paper:arXiv:2103.12345,2026-09-28T15:33:30+08:00
MX:lemma:covariant_derivative,MX:def:levi_civita,derived_from,explicit_citation,0.97,explicit,mathxiv,paper:arXiv:2103.12345,2026-09-28T15:33:30+08:00
MX:thm:riemann_curvature,MX:lemma:covariant_derivative,derived_from,llm_inferred,0.88,inferred,mathxiv,paper:arXiv:2103.12345,2026-09-28T15:33:30+08:00
MX:thm:riemann_curvature,MX:def:levi_civita,derived_from,explicit_citation,0.94,explicit,mathxiv,paper:arXiv:2103.12345,2026-09-28T15:33:30+08:00
MX:thm:gauss_bonnet,MX:thm:riemann_curvature,derived_from,explicit_citation,0.96,explicit,mathxiv,paper:arXiv:2103.12345,2026-09-28T15:33:30+08:00
MX:thm:gauss_bonnet,MX:lemma:partition_of_unity,derived_from,llm_inferred,0.82,inferred,mathxiv,paper:arXiv:2103.12345,2026-09-28T15:33:30+08:00
MX:thm:gauss_bonnet,MX:def:riemannian_metric,derived_from,llm_inferred,0.79,inferred,mathxiv,paper:arXiv:2103.12345,2026-09-28T15:33:30+08:00
MX:def:manifold,MX:sym:m,defines,defines,0.95,explicit,mathxiv,definition_bank,2026-09-28T15:33:30+08:00
MX:def:tangent_space,MX:sym:t_p_m,defines,defines,0.95,explicit,mathxiv,definition_bank,2026-09-28T15:33:30+08:00
MX:def:riemannian_metric,MX:sym:g,defines,defines,0.95,explicit,mathxiv,definition_bank,2026-09-28T15:33:30+08:00
MX:def:levi_civita,MX:sym:nabla,defines,defines,0.95,explicit,mathxiv,definition_bank,2026-09-28T15:33:30+08:00
MX:thm:riemann_curvature,MX:sym:r,defines,defines,0.95,explicit,mathxiv,definition_bank,2026-09-28T15:33:30+08:00
MX:thm:gauss_bonnet,MX:sym:k,defines,defines,0.95,explicit,mathxiv,definition_bank,2026-09-28T15:33:30+08:00
MX:thm:gauss_bonnet,MX:sym:chi_m,defines,defines,0.95,explicit,mathxiv,definition_bank,2026-09-28T15:33:30+08:00
MX:def:manifold,MX:sym:m,has_symbol,has_symbol,1.0,inferred,mathxiv,symbol_scan,2026-09-28T15:33:30+08:00
MX:def:manifold,MX:sym:n,has_symbol,has_symbol,1.0,inferred,mathxiv,symbol_scan,2026-09-28T15:33:30+08:00
MX:def:tangent_space,MX:sym:t_p_m,has_symbol,has_symbol,1.0,inferred,mathxiv,symbol_scan,2026-09-28T15:33:30+08:00
MX:def:tangent_space,MX:sym:m,has_symbol,has_symbol,1.0,inferred,mathxiv,symbol_scan,2026-09-28T15:33:30+08:00
MX:def:tangent_space,MX:sym:p,has_symbol,has_symbol,1.0,inferred,mathxiv,symbol_scan,2026-09-28T15:33:30+08:00
MX:def:riemannian_metric,MX:sym:g,has_symbol,has_symbol,1.0,inferred,mathxiv,symbol_scan,2026-09-28T15:33:30+08:00
MX:def:riemannian_metric,MX:sym:m,has_symbol,has_symbol,1.0,inferred,mathxiv,symbol_scan,2026-09-28T15:33:30+08:00
MX:def:riemannian_metric,MX:sym:t_p_m,has_symbol,has_symbol,1.0,inferred,mathxiv,symbol_scan,2026-09-28T15:33:30+08:00
MX:def:levi_civita,MX:sym:nabla,has_symbol,has_symbol,1.0,inferred,mathxiv,symbol_scan,2026-09-28T15:33:30+08:00
MX:def:levi_civita,MX:sym:m,has_symbol,has_symbol,1.0,inferred,mathxiv,symbol_scan,2026-09-28T15:33:30+08:00
MX:def:levi_civita,MX:sym:g,has_symbol,has_symbol,1.0,inferred,mathxiv,symbol_scan,2026-09-28T15:33:30+08:00
MX:lemma:partition_of_unity,MX:sym:rho_alpha,has_symbol,has_symbol,1.0,inferred,mathxiv,symbol_scan,2026-09-28T15:33:30+08:00
MX:lemma:partition_of_unity,MX:sym:m,has_symbol,has_symbol,1.0,inferred,mathxiv,symbol_scan,2026-09-28T15:33:30+08:00
MX:lemma:covariant_derivative,MX:sym:nabla,has_symbol,has_symbol,1.0,inferred,mathxiv,symbol_scan,2026-09-28T15:33:30+08:00
MX:lemma:covariant_derivative,MX:sym:x,has_symbol,has_symbol,1.0,inferred,mathxiv,symbol_scan,2026-09-28T15:33:30+08:00
MX:lemma:covariant_derivative,MX:sym:y,has_symbol,has_symbol,1.0,inferred,mathxiv,symbol_scan,2026-09-28T15:33:30+08:00
MX:lemma:covariant_derivative,MX:sym:m,has_symbol,has_symbol,1.0,inferred,mathxiv,symbol_scan,2026-09-28T15:33:30+08:00
MX:thm:riemann_curvature,MX:sym:r,has_symbol,has_symbol,1.0,inferred,mathxiv,symbol_scan,2026-09-28T15:33:30+08:00
MX:thm:riemann_curvature,MX:sym:nabla,has_symbol,has_symbol,1.0,inferred,mathxiv,symbol_scan,2026-09-28T15:33:30+08:00
MX:thm:riemann_curvature,MX:sym:x,has_symbol,has_symbol,1.0,inferred,mathxiv,symbol_scan,2026-09-28T15:33:30+08:00
MX:thm:riemann_curvature,MX:sym:y,has_symbol,has_symbol,1.0,inferred,mathxiv,symbol_scan,2026-09-28T15:33:30+08:00
MX:thm:riemann_curvature,MX:sym:z,has_symbol,has_symbol,1.0,inferred,mathxiv,symbol_scan,2026-09-28T15:33:30+08:00
MX:thm:gauss_bonnet,MX:sym:k,has_symbol,has_symbol,1.0,inferred,mathxiv,symbol_scan,2026-09-28T15:33:30+08:00
MX:thm:gauss_bonnet,MX:sym:m,has_symbol,has_symbol,1.0,inferred,mathxiv,symbol_scan,2026-09-28T15:33:30+08:00
MX:thm:gauss_bonnet,MX:sym:chi_m,has_symbol,has_symbol,1.0,inferred,mathxiv,symbol_scan,2026-09-28T15:33:30+08:00
MX:thm:gauss_bonnet,MX:sym:pi,has_symbol,has_symbol,1.0,inferred,mathxiv,symbol_scan,2026-09-28T15:33:30+08:00
