:START_ID,:END_ID,:TYPE,id,confidence,explicit_or_inferred,source,kind,evidence,created_at
MX:def:tangent_space,MX:def:manifold,derived_from,MX:def:tangent_space->MX:def:manifold[derived_from],0.99,explicit,mathxiv,explicit_citation,paper:arXiv:2103.12345,2026-09-28T15:33:30+08:00
MX:def:riemannian_metric,MX:def:tangent_space,derived_from,MX:def:riemannian_metric->MX:def:tangent_space[derived_from],0.95,explicit,mathxiv,explicit_citation,paper:arXiv:2103.12345,2026-09-28T15:33:30+08:00
MX:def:levi_civita,MX:def:riemannian_metric,derived_from,MX:def:levi_civita->MX:def:riemannian_metric[derived_from],0.96,explicit,mathxiv,explicit_citation,paper:arXiv:2103.12345,2026-09-28T15:33:30+08:00
MX:def:levi_civita,MX:def:tangent_space,derived_from,MX:def:levi_civita->MX:def:tangent_space[derived_from],0.93,explicit,mathxiv,explicit_citation,paper:arXiv:2103.12345,2026-09-28T15:33:30+08:00
MX:lemma:partition_of_unity,MX:def:manifold,derived_from,MX:lemma:partition_of_unity->MX:def:manifold[derived_from],0.98,explicit,mathxiv,explicit_citation,paper:arXiv:2103.12345,2026-09-28T15:33:30+08:00
MX:lemma:covariant_derivative,MX:def:levi_civita,derived_from,MX:lemma:covariant_derivative->MX:def:levi_civita[derived_from],0.97,explicit,mathxiv,explicit_citation,paper:arXiv:2103.12345,2026-09-28T15:33:30+08:00
MX:thm:riemann_curvature,MX:lemma:covariant_derivative,derived_from,MX:thm:riemann_curvature->MX:lemma:covariant_derivative[derived_from],0.88,inferred,mathxiv,llm_inferred,paper:arXiv:2103.12345,2026-09-28T15:33:30+08:00
MX:thm:riemann_curvature,MX:def:levi_civita,derived_from,MX:thm:riemann_curvature->MX:def:levi_civita[derived_from],0.94,explicit,mathxiv,explicit_citation,paper:arXiv:2103.12345,2026-09-28T15:33:30+08:00
MX:thm:gauss_bonnet,MX:thm:riemann_curvature,derived_from,MX:thm:gauss_bonnet->MX:thm:riemann_curvature[derived_from],0.96,explicit,mathxiv,explicit_citation,paper:arXiv:2103.12345,2026-09-28T15:33:30+08:00
MX:thm:gauss_bonnet,MX:lemma:partition_of_unity,derived_from,MX:thm:gauss_bonnet->MX:lemma:partition_of_unity[derived_from],0.82,inferred,mathxiv,llm_inferred,paper:arXiv:2103.12345,2026-09-28T15:33:30+08:00
MX:thm:gauss_bonnet,MX:def:riemannian_metric,derived_from,MX:thm:gauss_bonnet->MX:def:riemannian_metric[derived_from],0.79,inferred,mathxiv,llm_inferred,paper:arXiv:2103.12345,2026-09-28T15:33:30+08:00
MX:def:manifold,MX:sym:m,defines,MX:def:manifold->MX:sym:m[defines],0.95,explicit,mathxiv,defines,definition_bank,2026-09-28T15:33:30+08:00
MX:def:tangent_space,MX:sym:t_p_m,defines,MX:def:tangent_space->MX:sym:t_p_m[defines],0.95,explicit,mathxiv,defines,definition_bank,2026-09-28T15:33:30+08:00
MX:def:riemannian_metric,MX:sym:g,defines,MX:def:riemannian_metric->MX:sym:g[defines],0.95,explicit,mathxiv,defines,definition_bank,2026-09-28T15:33:30+08:00
MX:def:levi_civita,MX:sym:nabla,defines,MX:def:levi_civita->MX:sym:nabla[defines],0.95,explicit,mathxiv,defines,definition_bank,2026-09-28T15:33:30+08:00
MX:thm:riemann_curvature,MX:sym:r,defines,MX:thm:riemann_curvature->MX:sym:r[defines],0.95,explicit,mathxiv,defines,definition_bank,2026-09-28T15:33:30+08:00
MX:thm:gauss_bonnet,MX:sym:k,defines,MX:thm:gauss_bonnet->MX:sym:k[defines],0.95,explicit,mathxiv,defines,definition_bank,2026-09-28T15:33:30+08:00
MX:thm:gauss_bonnet,MX:sym:chi_m,defines,MX:thm:gauss_bonnet->MX:sym:chi_m[defines],0.95,explicit,mathxiv,defines,definition_bank,2026-09-28T15:33:30+08:00
MX:def:manifold,MX:sym:m,has_symbol,MX:def:manifold->MX:sym:m[has_symbol],1.0,inferred,mathxiv,has_symbol,symbol_scan,2026-09-28T15:33:30+08:00
MX:def:manifold,MX:sym:n,has_symbol,MX:def:manifold->MX:sym:n[has_symbol],1.0,inferred,mathxiv,has_symbol,symbol_scan,2026-09-28T15:33:30+08:00
MX:def:tangent_space,MX:sym:t_p_m,has_symbol,MX:def:tangent_space->MX:sym:t_p_m[has_symbol],1.0,inferred,mathxiv,has_symbol,symbol_scan,2026-09-28T15:33:30+08:00
MX:def:tangent_space,MX:sym:m,has_symbol,MX:def:tangent_space->MX:sym:m[has_symbol],1.0,inferred,mathxiv,has_symbol,symbol_scan,2026-09-28T15:33:30+08:00
MX:def:tangent_space,MX:sym:p,has_symbol,MX:def:tangent_space->MX:sym:p[has_symbol],1.0,inferred,mathxiv,has_symbol,symbol_scan,2026-09-28T15:33:30+08:00
MX:def:riemannian_metric,MX:sym:g,has_symbol,MX:def:riemannian_metric->MX:sym:g[has_symbol],1.0,inferred,mathxiv,has_symbol,symbol_scan,2026-09-28T15:33:30+08:00
MX:def:riemannian_metric,MX:sym:m,has_symbol,MX:def:riemannian_metric->MX:sym:m[has_symbol],1.0,inferred,mathxiv,has_symbol,symbol_scan,2026-09-28T15:33:30+08:00
MX:def:riemannian_metric,MX:sym:t_p_m,has_symbol,MX:def:riemannian_metric->MX:sym:t_p_m[has_symbol],1.0,inferred,mathxiv,has_symbol,symbol_scan,2026-09-28T15:33:30+08:00
MX:def:levi_civita,MX:sym:nabla,has_symbol,MX:def:levi_civita->MX:sym:nabla[has_symbol],1.0,inferred,mathxiv,has_symbol,symbol_scan,2026-09-28T15:33:30+08:00
MX:def:levi_civita,MX:sym:m,has_symbol,MX:def:levi_civita->MX:sym:m[has_symbol],1.0,inferred,mathxiv,has_symbol,symbol_scan,2026-09-28T15:33:30+08:00
MX:def:levi_civita,MX:sym:g,has_symbol,MX:def:levi_civita->MX:sym:g[has_symbol],1.0,inferred,mathxiv,has_symbol,symbol_scan,2026-09-28T15:33:30+08:00
MX:lemma:partition_of_unity,MX:sym:rho_alpha,has_symbol,MX:lemma:partition_of_unity->MX:sym:rho_alpha[has_symbol],1.0,inferred,mathxiv,has_symbol,symbol_scan,2026-09-28T15:33:30+08:00
MX:lemma:partition_of_unity,MX:sym:m,has_symbol,MX:lemma:partition_of_unity->MX:sym:m[has_symbol],1.0,inferred,mathxiv,has_symbol,symbol_scan,2026-09-28T15:33:30+08:00
MX:lemma:covariant_derivative,MX:sym:nabla,has_symbol,MX:lemma:covariant_derivative->MX:sym:nabla[has_symbol],1.0,inferred,mathxiv,has_symbol,symbol_scan,2026-09-28T15:33:30+08:00
MX:lemma:covariant_derivative,MX:sym:x,has_symbol,MX:lemma:covariant_derivative->MX:sym:x[has_symbol],1.0,inferred,mathxiv,has_symbol,symbol_scan,2026-09-28T15:33:30+08:00
MX:lemma:covariant_derivative,MX:sym:y,has_symbol,MX:lemma:covariant_derivative->MX:sym:y[has_symbol],1.0,inferred,mathxiv,has_symbol,symbol_scan,2026-09-28T15:33:30+08:00
MX:lemma:covariant_derivative,MX:sym:m,has_symbol,MX:lemma:covariant_derivative->MX:sym:m[has_symbol],1.0,inferred,mathxiv,has_symbol,symbol_scan,2026-09-28T15:33:30+08:00
MX:thm:riemann_curvature,MX:sym:r,has_symbol,MX:thm:riemann_curvature->MX:sym:r[has_symbol],1.0,inferred,mathxiv,has_symbol,symbol_scan,2026-09-28T15:33:30+08:00
MX:thm:riemann_curvature,MX:sym:nabla,has_symbol,MX:thm:riemann_curvature->MX:sym:nabla[has_symbol],1.0,inferred,mathxiv,has_symbol,symbol_scan,2026-09-28T15:33:30+08:00
MX:thm:riemann_curvature,MX:sym:x,has_symbol,MX:thm:riemann_curvature->MX:sym:x[has_symbol],1.0,inferred,mathxiv,has_symbol,symbol_scan,2026-09-28T15:33:30+08:00
MX:thm:riemann_curvature,MX:sym:y,has_symbol,MX:thm:riemann_curvature->MX:sym:y[has_symbol],1.0,inferred,mathxiv,has_symbol,symbol_scan,2026-09-28T15:33:30+08:00
MX:thm:riemann_curvature,MX:sym:z,has_symbol,MX:thm:riemann_curvature->MX:sym:z[has_symbol],1.0,inferred,mathxiv,has_symbol,symbol_scan,2026-09-28T15:33:30+08:00
MX:thm:gauss_bonnet,MX:sym:k,has_symbol,MX:thm:gauss_bonnet->MX:sym:k[has_symbol],1.0,inferred,mathxiv,has_symbol,symbol_scan,2026-09-28T15:33:30+08:00
MX:thm:gauss_bonnet,MX:sym:m,has_symbol,MX:thm:gauss_bonnet->MX:sym:m[has_symbol],1.0,inferred,mathxiv,has_symbol,symbol_scan,2026-09-28T15:33:30+08:00
MX:thm:gauss_bonnet,MX:sym:chi_m,has_symbol,MX:thm:gauss_bonnet->MX:sym:chi_m[has_symbol],1.0,inferred,mathxiv,has_symbol,symbol_scan,2026-09-28T15:33:30+08:00
MX:thm:gauss_bonnet,MX:sym:pi,has_symbol,MX:thm:gauss_bonnet->MX:sym:pi[has_symbol],1.0,inferred,mathxiv,has_symbol,symbol_scan,2026-09-28T15:33:30+08:00
MX:sym:c,MX:chem:co2,chemical_reaction,INFERRED:HYPO-CHEM-001,0.9,inferred,heuristic,llm_inferred,,2026-09-28T15:33:43+08:00
MX:chem:methane,MX:chem:combustion,chemical_reaction,INFERRED:HYPO-CHEM-003,0.9,inferred,heuristic,llm_inferred,,2026-09-28T15:33:43+08:00
MX:phy:newton2,MX:phy:acceleration,dimensionally_consistent,INFERRED:HYPO-PHY-001,0.9,inferred,heuristic,llm_inferred,,2026-09-28T15:33:43+08:00
MX:phy:kinetic_energy,MX:phy:energy,dimensionally_consistent,INFERRED:HYPO-PHY-003,0.9,inferred,heuristic,llm_inferred,,2026-09-28T15:33:44+08:00
MX:math:binomial,MX:math:expand,derived_from,INFERRED:HYPO-MATH-001,0.9,inferred,heuristic,llm_inferred,,2026-09-28T15:33:44+08:00
MX:math:pythagorean_identity,MX:math:trig_unit,proves,INFERRED:HYPO-MATH-003,0.9,inferred,heuristic,llm_inferred,,2026-09-28T15:33:44+08:00
MX:math:derivative_power,MX:math:power_rule,proves,INFERRED:HYPO-MATH-005,0.9,inferred,heuristic,llm_inferred,,2026-09-28T15:33:44+08:00
MX:thm:gauss_bonnet,MX:thm:riemann_curvature,derived_from,INFERRED:HYPO-GRAPH-001,0.9,inferred,heuristic-graph,llm_inferred,,2026-09-28T15:33:44+08:00
